{"cameraMode":{"drawMode":0,"name":"Shaded","section":"Shading Mode"},"sceneLighting":true,"audioPlay":false,"sceneViewState":{"showFog":false,"showMaterialUpdate":false,"showSkybox":false,"showFlares":false,"showImageEffects":false,"showParticleSystems":false},"in2DMode":false,"pivot":{"x":7.63751220703125,"y":13.619243621826172,"z":123.3628921508789},"rotation":{"x":0.0670844316482544,"y":-0.8989715576171875,"z":0.14830563962459565,"w":0.4066389203071594},"size":13.133941650390625,"orthographic":false}