{"cameraMode":{"drawMode":0,"name":"Shaded","section":"Shading Mode"},"sceneLighting":false,"audioPlay":false,"sceneViewState":{"showFog":false,"showMaterialUpdate":false,"showSkybox":false,"showFlares":false,"showImageEffects":false,"showParticleSystems":false},"in2DMode":false,"pivot":{"x":3.530649185180664,"y":5.882771015167236,"z":16.12635040283203},"rotation":{"x":-0.030169719830155374,"y":0.969817042350769,"z":-0.16837145388126374,"w":-0.1737694889307022},"size":31.338834762573243,"orthographic":false}